<?xml version="1.0"?>
<?xml-stylesheet type="text/xsl" href="configuration.xsl"?>
<configuration>
    <property>
        <name>dfs.replication</name>
        <value>3</value>
    </property>
    <property>
        <name>dfs.name.dir</name>
        <value>%s</value>
    </property>
    <!--property>
        <name>dfs.datanode.dns.interface</name>
        <value>eth1</value>
    </property-->
    <property>
        <name>dfs.datanode.data.dir.perm</name>
        <value>700</value>
        <description>Permissions for the directories on on the local filesystem where
            the DFS data node store its blocks. The permissions can either be octal or
            symbolic.</description>
    </property>
    <property>
        <name>dfs.webhdfs.enabled</name>
        <value>true</value>
    </property>
    <property>
        <name>dfs.datanode.max.locked.memory</name>
        <value>25769803776</value>
    </property>
</configuration>