<?xml version="1.0"?>
<configuration>
    <property>
        <name>yarn.resourcemanager.scheduler.class</name>
        <value>org.apache.hadoop.yarn.server.resourcemanager.scheduler.capacity.CapacityScheduler</value>
        <description>In case you do not want to use the default scheduler</description>
    </property>
    <property>
        <name>yarn.resourcemanager.hostname</name>
        <value>%s</value>
    </property>
    <!--property>
        <name>yarn.nodemanager.local-dirs</name>
        <value>/tmp</value>
        <description>the local directories used by the nodemanager</description>
    </property-->
    <property>
        <name>yarn.nodemanager.aux-services</name>
        <value>mapreduce_shuffle</value>
        <description>shuffle service that needs to be set for Map Reduce to run </description>
    </property>
    <property>
        <name>yarn.nodemanager.delete.debug-delay-sec</name>
        <value>3600</value>
        <description>delay deletion of user cache </description>
    </property>
    <property>
        <name>yarn.resourcemanager.resource-tracker.address</name>
        <value>${yarn.resourcemanager.hostname}:11031</value>
    </property>
    <property>
        <name>yarn.nodemanager.resource.memory-mb</name>
        <value>16384</value>
    </property>
    <property>
        <name>yarn.scheduler.minimum-allocation-mb</name>
        <value>2048</value>
    </property>
    <property>
        <name>yarn.nodemanager.resource.cpu-vcores</name>
        <value>16</value>
    </property>
</configuration>